<?xml version="1.0" encoding="UTF-8"?>
<project-private xmlns="http://www.netbeans.org/ns/project-private/1">
    <editor-bookmarks xmlns="http://www.netbeans.org/ns/editor-bookmarks/2" lastBookmarkId="0"/>
    <open-files xmlns="http://www.netbeans.org/ns/projectui-open-files/2">
        <group>
            <file>file:/D:/GIT/PROGRAMACION/JAVA/CRUD_Barco/src/crud_barco/UI.java</file>
            <file>file:/D:/GIT/PROGRAMACION/JAVA/CRUD_Barco/src/crud_barco/CRUD_Barco.java</file>
            <file>file:/D:/GIT/PROGRAMACION/JAVA/CRUD_Barco/src/crud_barco/Barco.java</file>
            <file>file:/D:/GIT/PROGRAMACION/JAVA/CRUD_Barco/src/crud_barco/BarcoManager.java</file>
        </group>
    </open-files>
</project-private>
